energy,theta,2theta,IT_cps_ave,I0_cps_ave
8208.0,83.0633,166.56665,144074.666584,195549.934306
8210.5,82.91675,166.27355,143755.57975,194935.183326
8213.0,82.77335,165.9867,142060.603724,193117.326379
8215.5,82.6329,165.7058,144227.089134,195520.484793
8218.0,82.4952,165.43045,144260.903057,195915.64396
8220.5,82.36015,165.1603,144504.901732,196226.737473
8223.0,82.22755,164.89515,144471.568196,196242.176331
8225.5,82.09735,164.6347,144513.671421,196280.999373
8228.0,81.96935,164.3787,144635.965434,196474.518766
8230.5,81.8435,164.12695,145080.459387,196634.255621
8233.0,81.71965,163.8793,145265.845584,196741.054314
8235.5,81.59775,163.6355,145384.094833,196983.388587
8238.0,81.4777,163.3954,145552.45538,197089.99251
8240.5,81.3594,163.1588,144036.466106,194792.193779
8243.0,81.24285,162.92565,145863.204017,197509.860378
8245.5,81.12785,162.69575,147190.219184,198954.020199
8248.0,81.0145,162.46895,147886.495423,199980.193718
8250.5,80.9026,162.2452,148992.462564,201311.215629
8253.0,80.79215,162.0243,151232.574385,204401.653555
8255.5,80.6831,161.8062,157458.682259,212100.264822
8258.0,80.5754,161.5908,161786.406997,217826.942771
8260.5,80.469,161.37805,158094.51435,212663.62375
8263.0,80.36385,161.16775,151621.534278,205129.990386
8265.5,80.25995,160.9599,147935.38084,200344.190644
8268.0,80.1572,160.75435,146198.353667,197769.504296
8270.5,80.05555,160.55115,145320.708148,196533.248737
8273.0,79.95505,160.3501,145032.856613,195763.901111
8275.5,79.8556,160.1512,144461.768713,195423.794054
8278.0,79.7572,159.95435,144375.900871,194934.180035
8280.5,79.6598,159.75955,143887.16884,194813.372857
8283.0,79.56335,159.5667,143738.780131,194678.23766
8285.5,79.46785,159.37575,143482.236337,193969.74627
8288.0,79.3733,159.1866,143379.633673,194055.881885
8290.5,79.27965,158.9993,146132.560717,197860.937416
8293.0,79.18685,158.81375,143614.979067,194570.9751
8295.5,79.09495,158.62985,141125.634643,191470.00072
8298.0,79.00385,158.44765,141453.889024,191974.093393
8300.5,78.91355,158.26705,141406.618609,192119.583411
8303.0,78.82405,158.08805,141121.505354,191951.751801
8305.5,78.7353,157.9106,140831.166506,191677.429535
8308.0,78.6473,157.7346,140294.448689,191173.386672
8310.5,78.56005,82.6537,139574.701853,191140.478706
8313.0,78.47355,157.38705,139115.586138,190692.79629
8315.0,78.4048,157.2496,138301.454071,190940.370225
8315.25,78.39625,157.2325,138256.659693,190682.059512
8315.5,78.3877,206.8454,138273.130528,190918.955851
8315.75,78.37915,157.1983,137872.560801,191203.405803
8316.0,78.3706,157.1812,137975.885826,190816.695311
8316.25,78.3621,157.16415,137838.581651,190934.580974
8316.5,78.35355,157.1471,137554.942183,190754.657245
8316.75,78.34505,157.13005,137530.271139,190856.038542
8317.0,78.3365,157.11305,137365.26299,190778.025798
8317.25,78.328,157.09605,137071.482825,190925.326013
8317.5,78.3195,157.07905,136980.597019,190714.911697
8317.75,78.31105,157.06205,136632.093027,190665.686463
8318.0,78.30255,157.0451,136392.741584,190466.173328
8318.25,78.29405,157.02815,135851.411816,190592.064331
8318.5,78.2856,157.0112,135473.731781,190443.295847
8318.75,78.27715,156.99425,135370.225415,190084.826535
8319.0,78.26865,156.97735,134756.90881,190122.991613
8319.25,78.2602,156.96045,134139.896702,190287.1125
8319.5,78.2518,82.6537,133780.177299,190452.58532
8319.75,78.24335,156.9267,133231.133935,190339.101007
8320.0,78.2349,156.9098,132886.413376,190519.987776
8320.25,78.2265,156.89295,132054.71698,191086.26115
8320.5,78.21805,82.6537,131449.919337,191094.743413
8320.75,78.20965,156.8593,130608.963301,191189.702089
8321.0,78.20125,156.8425,129101.416549,191206.357834
8321.25,78.19285,156.8257,127962.071792,191733.954028
8321.5,78.18445,156.8089,126072.299939,191807.235987
8321.75,78.17605,156.79215,123715.037058,192010.241409
8322.0,78.1677,156.7754,122014.425615,192528.213973
8322.25,78.1593,156.75865,119167.615255,192556.151714
8322.5,78.15095,156.7419,116458.651221,192826.13988
8322.75,78.1426,156.7252,113664.72577,193320.768702
8323.0,78.13425,156.7085,110630.894938,193309.35113
8323.25,78.1259,156.6918,107346.537192,193241.6084
8323.5,78.11755,156.6751,104263.195829,193973.328592
8323.75,78.1092,156.65845,101019.735639,194306.07508
8324.0,78.1009,156.6418,97796.380603,194414.566649
8324.25,78.09255,156.62515,95080.852415,194932.939977
8324.5,78.08425,156.6085,91841.624967,195243.974578
8324.75,78.07595,156.5919,89042.728719,195235.596356
8325.0,78.06765,156.5753,86664.986099,195938.53665
8325.25,78.05935,156.5587,83952.818066,196030.524954
8325.5,78.05105,156.5421,81722.534973,196298.084366
8325.75,78.04275,156.52555,79861.377353,196853.002582
8326.0,78.0345,156.509,77627.86615,196836.38018
8326.25,78.0262,156.49245,75873.142919,196880.209874
8326.5,78.01795,156.4759,74298.251751,196979.295139
8326.75,78.0097,156.4594,72785.510627,197096.114301
8327.0,78.00145,156.4429,71263.080403,197042.124294
8327.25,77.9932,156.4264,70027.929504,197151.041249
8327.5,77.98495,156.4099,68497.142268,197190.413035
8327.75,77.97675,156.39345,67431.983921,197000.0008
8328.0,77.9685,156.377,66350.594127,196866.828831
8328.25,77.9603,156.36055,65096.45214,196476.959711
8328.5,77.95205,156.3441,63787.238527,196184.181962
8328.75,77.94385,156.3277,62823.905128,195775.059049
8329.0,77.93565,156.3113,61482.90124,195637.528762
8329.25,77.92745,156.2949,60346.374318,195040.133856
8329.5,77.91925,156.2785,59312.881872,194542.200007
8329.75,77.91105,156.26215,58266.828555,194585.658554
8330.0,77.9029,156.2458,57235.028369,194128.295488
8330.25,77.8947,156.22945,56109.594053,193724.802976
8330.5,77.88655,156.2131,54721.327734,193449.72879
8330.75,77.8784,156.1968,53887.753069,193263.175081
8331.0,77.87025,156.18045,52765.028872,192615.727219
8331.25,77.8621,156.1642,51676.84927,192575.331765
8331.5,77.85395,156.1479,50683.543018,192277.092153
8331.75,77.8458,156.1316,49441.031446,191860.201076
8332.0,77.8377,156.11535,48333.399298,191378.256348
8332.25,77.82955,156.0991,47261.005334,191126.767785
8332.5,77.82145,156.08285,46140.839484,190972.224898
8332.75,77.8133,156.06665,45053.212581,190622.863444
8333.0,77.8052,156.0504,43777.833601,190737.254797
8333.25,77.7971,156.0342,42441.123444,190521.386762
8333.5,77.789,156.01805,41428.016583,189958.43754
8333.75,77.78095,156.00185,40241.18838,189966.11605
8334.0,77.77285,155.9857,38962.695208,189610.367566
8334.25,77.76475,155.9695,37686.614082,189848.01705
8334.5,77.7567,155.9534,36399.677233,189316.761178
8334.75,77.7486,155.93725,35362.642772,189437.018137
8335.0,77.74055,155.92115,33943.913668,189022.983158
8335.25,77.7325,155.905,32904.479311,188879.02283
8335.5,77.72445,155.8889,31834.459418,188905.341827
8335.75,77.7164,155.87285,30568.618287,188593.248446
8336.0,77.7084,155.85675,29595.576241,188625.714128
8336.25,77.70035,155.8407,28401.675788,188607.631423
8336.5,77.6923,155.82465,27557.718994,188119.579134
8336.75,77.6843,155.8086,26593.59013,188030.951242
8337.0,77.6763,155.79255,25620.709453,187989.228204
8337.25,77.6683,155.77655,24818.95041,188488.90963
8337.5,77.66025,155.76055,24035.154349,187940.267834
8337.75,77.6523,155.74455,23251.272923,187911.328686
8338.0,77.6443,155.72855,22674.833274,187896.38789
8338.25,77.6363,155.7126,22072.422546,187904.900653
8338.5,77.6283,155.69665,21604.208344,187895.803618
8338.75,77.62035,155.6807,21185.542288,187535.70345
8339.0,77.61235,155.66475,20688.899817,187436.742163
8339.25,77.6044,155.6488,20444.43882,187269.365833
8339.5,77.59645,155.6329,20019.060876,187258.265769
8339.75,77.5885,155.617,19921.954974,187541.262091
8340.0,77.58055,155.6011,19651.068788,187638.931796
8340.25,77.5726,155.5852,19582.349603,187319.876248
8340.5,77.5647,155.56935,19378.434768,187080.863393
8340.75,77.55675,155.5535,19380.846261,187211.451514
8341.0,77.5488,155.53765,19255.775898,187067.575794
8341.25,77.5409,155.5218,19365.673794,186860.894312
8341.5,77.533,155.50595,19224.837994,186670.377996
8341.75,77.5251,155.49015,19326.844066,186928.104587
8342.0,77.5172,155.47435,19341.925852,186584.776328
8342.25,77.5093,155.45855,19364.144315,186838.412263
8342.5,77.5014,155.44275,19395.121019,186801.963863
8342.75,77.4935,155.427,19441.662726,186793.802272
8343.0,77.4856,155.41125,19370.934766,186625.392396
8343.25,77.47775,155.3955,19478.913587,186358.645065
8343.5,77.4699,155.37975,19393.703154,186670.989671
8343.75,77.462,155.364,19440.330538,186501.473423
8344.0,77.45415,155.3483,19419.417687,186533.324404
8344.25,77.4463,155.3326,19340.190274,186251.886879
8344.5,77.43845,155.3169,19203.276326,186640.995539
8344.75,77.4306,155.3012,19135.148216,186361.540356
8345.0,77.42275,155.28555,18937.669744,186531.386834
8345.25,77.41495,155.26985,18831.995483,186303.296422
8345.5,77.4071,155.2542,18828.119814,186129.3071
8345.75,77.3993,155.2386,18668.298084,186232.566864
8346.0,77.39145,155.22295,18499.307232,186149.058692
8346.25,77.38365,155.2073,18282.605282,186102.061741
8346.5,77.37585,155.1917,18037.98043,186063.994165
8346.75,77.36805,155.1761,17978.169729,186256.438058
8347.0,77.36025,155.1605,17827.835494,185740.988505
8347.25,77.35245,155.14495,17701.394555,185793.896243
8347.5,77.3447,155.12935,17646.223503,185948.411243
8347.75,77.3369,155.1138,17588.57974,185823.9277
8348.0,77.32915,155.09825,17505.862869,185808.780928
8348.25,77.32135,155.08275,17528.82534,185634.567651
8348.5,77.3136,155.0672,17363.313559,185586.913032
8348.75,77.30585,155.0517,17453.404491,185901.199647
8349.0,77.2981,155.0362,17380.964384,185553.796773
8349.25,77.29035,155.0207,17494.382756,185559.347572
8349.5,77.2826,155.0052,17484.686173,185618.87643
8349.75,77.27485,154.98975,17478.118087,185528.535356
8350.0,77.26715,154.97425,17554.085706,185590.920391
8350.25,77.2594,154.9588,17593.159937,185572.715356
8350.5,77.2517,154.94335,17650.658185,185268.014177
8350.75,77.24395,154.92795,17725.149324,185382.86888
8351.0,77.23625,154.9125,17851.361051,185671.414828
8351.25,77.22855,154.8971,17911.605448,185461.06912
8351.5,77.22085,154.8817,17947.598269,185516.605319
8351.75,77.21315,154.8663,18056.150673,185360.873236
8352.0,77.20545,154.8509,18184.341451,185263.054959
8352.25,77.19775,154.83555,18297.704323,185367.186113
8352.5,77.1901,154.8202,18386.104802,185155.722715
8352.75,77.1824,154.80485,18442.153058,185387.406105
8353.0,77.17475,154.7895,18637.285845,185120.540831
8353.25,77.1671,154.77415,18659.357351,184955.384388
8353.5,77.1594,154.75885,18716.127757,184934.768086
8353.75,77.15175,154.7435,18821.018071,184679.452608
8354.0,77.1441,154.7282,18909.29678,184489.403135
8354.25,77.13645,154.71295,19045.157973,184439.310251
8354.5,77.12885,154.69765,19132.818819,184313.892941
8354.75,77.1212,154.6824,19306.898668,184326.225894
8355.0,77.11355,154.6671,19467.287699,184018.209911
8355.25,77.10595,154.65185,19429.929051,184446.653262
8355.5,77.0983,154.6366,19529.400421,184015.035821
8355.75,77.0907,154.6214,19728.407854,184138.603344
8356.0,77.0831,154.60615,19673.773788,183744.832935
8356.25,77.0755,154.59095,19853.780972,183804.662693
8356.5,77.0679,154.57575,19870.863069,183603.130461
8356.75,77.0603,154.56055,19996.130495,183824.73415
8357.0,77.0527,154.5454,19981.735181,183831.836316
8357.25,77.0451,154.5302,20071.158277,183705.029594
8357.5,77.0375,154.51505,20090.634092,183644.119598
8357.75,77.02995,154.4999,20145.687225,183900.79704
8358.0,77.02235,154.48475,20138.398143,183438.454962
8358.25,77.0148,154.4696,20194.184788,183654.609595
8358.5,77.00725,154.4545,20290.553491,183770.690083
8358.75,76.9997,154.4394,20306.532835,183759.560112
8359.0,76.99215,154.42425,20277.086555,183849.786422
8359.25,76.9846,154.4092,20295.295794,183304.861956
8359.5,76.97705,154.3941,20312.835075,183856.897113
8359.75,76.9695,154.379,20274.460658,183856.653425
8360.0,76.962,154.36395,20267.702238,183772.631589
8360.25,76.95445,154.3489,20265.883129,183641.095464
8360.5,76.9469,154.33385,20207.889865,183714.922842
8360.75,76.9394,154.3188,20172.955204,183762.870223
8361.0,76.9319,154.3038,20170.468562,184051.640669
8361.25,76.9244,154.28875,20187.138856,183862.543149
8361.5,76.9169,154.27375,20141.539462,184172.693281
8361.75,76.9094,154.25875,20035.489411,184286.754333
8362.0,76.9019,154.24375,20029.893295,184133.763498
8362.25,76.8944,154.2288,19914.855746,184352.401437
8362.5,76.8869,154.2138,19811.873563,184406.696351
8362.75,76.87945,154.19885,19733.514518,184439.037218
8363.0,76.87195,154.1839,19636.924913,184279.366616
8363.25,76.8645,154.16895,19499.856925,184252.280924
8363.5,76.857,154.15405,19406.23994,184254.650747
8363.75,76.84955,154.1391,19286.868847,184827.566117
8364.0,76.8421,154.1242,19126.863919,184405.352984
8364.25,76.83465,154.1093,19029.597257,184411.56864
8364.5,76.8272,154.0944,18863.221122,184280.639523
8364.75,76.81975,154.0795,18781.434864,184491.277948
8365.0,76.8123,154.06465,18673.311001,184488.849634
8365.25,76.8049,154.04975,18430.308344,184453.745823
8365.5,76.79745,154.0349,18296.148705,184433.715062
8365.75,76.79005,154.02005,18190.727777,184241.436392
8366.0,76.7826,154.0052,18046.096677,184465.347487
8366.25,76.7752,153.9904,17956.093241,184415.146675
8366.5,76.7678,82.6537,17839.413884,184509.933084
8366.75,76.76035,153.96075,17634.834109,184209.09121
8367.0,76.75295,153.94595,17547.035257,184413.88396
8367.25,76.74555,153.93115,17366.145986,184459.787463
8367.5,76.7382,153.91635,17211.015014,184308.997025
8367.75,76.7308,153.9016,17060.575621,184463.290332
8368.0,76.7234,153.8868,16910.167019,184342.876007
8368.25,76.71605,153.87205,16767.145176,184323.779976
8368.5,76.70865,153.8573,16584.715731,184628.095249
8368.75,76.7013,153.84255,16508.820378,184619.144902
8369.0,76.6939,153.82785,16430.107275,184750.256431
8369.25,76.68655,153.8131,16286.276163,184705.36577
8369.5,76.6792,153.7984,16175.18413,184932.715503
8369.75,76.67185,153.7837,16078.520579,184704.918001
8370.0,76.6645,153.769,15977.736832,184717.446562
8370.25,76.65715,153.75435,15884.421492,185022.037369
8370.5,76.64985,153.73965,15821.967787,185102.878941
8370.75,76.6425,153.725,15784.74618,185052.900207
8371.0,76.63515,153.7103,15709.351044,185029.075333
8371.25,76.62785,153.69565,15636.00851,185058.704208
8371.5,76.6205,153.68105,15671.217445,184972.763024
8371.75,76.6132,153.6664,15664.734538,185602.0783
8372.0,76.6059,153.6518,15545.357113,185377.501999
8372.25,76.5986,153.63715,15543.100776,185084.745118
8372.5,76.5913,153.62255,15582.593651,185637.923947
8372.75,76.584,153.60795,15580.188065,185946.275575
8373.0,76.5767,153.59335,15683.554459,185890.423812
8373.25,76.5694,153.5788,15631.127774,185830.11463
8373.5,76.5621,153.5642,15734.857516,186018.228044
8373.75,76.55485,153.54965,15861.705704,185876.795342
8374.0,76.54755,153.5351,15892.504968,186186.768992
8374.25,76.5403,153.52055,16077.600654,186554.016819
8374.5,76.533,153.50605,16048.833828,186623.15491
8374.75,76.52575,153.4915,16168.319725,186621.818847
8375.0,76.5185,153.477,16287.183938,186864.117535
8375.25,76.51125,153.46245,16397.591489,186959.904832
8375.5,76.504,153.44795,16495.089283,187334.676745
8375.75,76.49675,153.4335,16610.029023,187530.202212
8376.0,76.4895,153.419,16862.90038,187803.984114
8376.25,76.48225,153.4045,16904.690005,188240.964443
8376.5,76.47505,153.39005,17088.399951,188717.357793
8376.75,76.4678,153.3756,17213.285051,188552.84683
8377.0,76.46055,153.36115,17358.630505,188923.967583
8377.25,76.45335,153.3467,17675.508209,189227.069902
8377.5,76.44615,153.33225,17799.689378,189664.938138
8377.75,76.43895,153.31785,17922.472194,190085.839718
8378.0,76.4317,153.30345,18188.795845,190358.663006
8378.25,76.4245,153.28905,18390.137212,191036.935098
8378.5,76.4173,153.27465,18596.712459,191845.223186
8378.75,76.4101,153.26025,18709.933832,192135.808637
8379.0,76.40295,153.24585,18917.3274,192776.261199
8379.25,76.39575,153.2315,19206.961901,193334.114003
8379.5,76.38855,153.2171,19380.118695,194102.211767
8379.75,76.3814,153.20275,19577.601604,194657.909787
8380.0,76.3742,153.1884,19781.053772,195506.258321
8380.25,76.36705,153.1741,19942.448666,196342.925898
8380.5,76.35985,153.15975,20212.100015,197295.107654
8380.75,76.3527,153.14545,20397.035521,198279.445651
8381.0,76.34555,153.1311,20730.509598,199589.701571
8381.25,76.3384,153.1168,20955.428166,200465.614413
8381.5,76.33125,153.1025,21194.233311,201950.465491
8381.75,76.3241,153.0882,21450.377801,203389.036689
8382.0,76.31695,153.07395,21735.261161,204572.448821
8382.25,76.30985,153.05965,22000.713548,206080.693695
8382.5,76.3027,153.0454,22343.639434,207690.225551
8382.75,76.29555,153.03115,22586.762154,209945.637453
8383.0,76.28845,153.0169,22847.01283,211544.087601
8383.25,76.28135,153.00265,23225.908041,213665.606786
8383.5,76.2742,152.98845,23475.978465,215615.646345
8383.75,76.2671,152.9742,23862.035341,217788.684059
8384.0,76.26,152.96,24277.509693,219898.043231
8384.25,76.2529,152.9458,24473.314136,222503.848867
8384.5,76.2458,152.9316,24793.425731,224706.768315
8384.75,76.2387,152.9174,25160.109476,227850.461444
8385.0,76.2316,152.9032,25562.73449,230300.821379
8385.25,76.2245,152.88905,25776.86428,232850.079167
8385.5,76.21745,82.6537,26225.645819,235801.737032
8385.75,76.21035,152.8607,26576.813904,237953.612831
8386.0,76.2033,152.84655,26761.15752,240472.925945
8386.25,76.1962,152.8324,27108.034669,242816.093201
8386.5,76.18915,152.8183,27414.944257,244392.848022
8386.75,76.1821,152.80415,27522.30037,246206.121478
8387.0,76.175,152.79005,27826.216137,247503.222313
8387.25,76.16795,152.77595,27891.150598,248394.43898
8387.5,76.1609,152.76185,28012.283514,249466.544758
8387.75,76.15385,152.74775,28074.742846,249912.640075
8388.0,76.14685,152.73365,28102.711242,249803.091402
8388.25,76.1398,152.7196,28003.463579,249511.646704
8388.5,76.13275,152.7055,27966.615592,248304.061993
8388.75,76.1257,152.69145,27865.732611,247654.442866
8389.0,76.1187,152.6774,27781.269208,246276.34345
8389.25,76.11165,152.66335,27602.226167,244218.014927
8389.5,76.10465,152.6493,27323.976622,242553.956234
8389.75,76.09765,152.6353,27142.032643,240527.900572
8390.0,76.09065,152.62125,27026.168256,238430.733895
8390.25,76.0836,152.60725,26583.244598,236119.9898
8390.5,76.0766,152.59325,26349.145042,233802.696593
8390.75,76.0696,152.57925,26020.302825,231517.505639
8391.0,76.0626,152.56525,25951.80687,228825.043259
8391.25,76.05565,152.55125,25557.500578,226481.305018
8391.5,76.04865,152.5373,25300.774404,224167.696567
8391.75,76.04165,152.5233,24935.131648,221380.822612
8392.0,76.0347,152.50935,24724.333186,219504.938773
8392.25,76.0277,152.4954,24461.294931,216915.994656
8392.5,76.02075,152.48145,24157.050183,214927.90279
8392.75,76.01375,152.46755,24002.664437,212841.760078
8393.0,76.0068,152.4536,23665.955277,210796.896654
8393.25,75.99985,152.4397,23546.300777,208692.542846
8393.5,75.9929,152.42575,23177.385157,207290.433005
8393.75,75.98595,152.41185,23029.055675,205339.14583
8394.0,75.979,152.39795,22797.912964,203809.816595
8394.25,75.97205,152.38405,22606.776489,202120.679085
8394.5,75.9651,152.3702,22451.696894,201137.813572
8394.75,75.95815,152.3563,22339.827893,199601.743622
8395.0,75.9512,152.34245,22105.464971,198130.454154
8395.25,75.9443,152.3286,22020.718562,197146.964009
8395.5,75.93735,152.31475,21818.076232,195962.873064
8395.75,75.93045,152.3009,21699.022403,195211.053582
8396.0,75.92355,152.28705,21594.03733,194581.268494
8396.25,75.9166,152.27325,21424.508847,193621.062104
8396.5,75.9097,152.2594,21231.869049,192268.691136
8396.75,75.9028,152.2456,21181.628378,192043.706038
8397.0,75.8959,152.2318,20867.553751,191273.783037
8397.25,75.889,152.218,20925.377338,190576.260813
8397.5,75.8821,152.2042,20887.993362,190159.383728
8397.75,75.8752,152.1904,20819.07901,189423.348045
8398.0,75.8683,152.17665,20550.671468,188974.339531
8398.25,75.86145,152.16285,20448.473084,188607.423855
8398.5,75.85455,152.1491,20422.471121,188072.441149
8398.75,75.8477,152.13535,20357.425042,187566.022703
8399.0,75.8408,152.1216,20264.335535,187304.810587
8399.25,75.83395,82.6537,20157.307327,186950.829592
8399.5,75.82705,152.09415,20091.010428,186681.556141
8399.75,75.8202,152.0804,20068.433138,186110.124027
8400.0,75.81335,152.0667,19983.335469,185891.530185
8400.25,75.8065,152.053,19829.13487,185958.95884
8400.5,75.79965,152.0393,19863.914001,185370.056299
8400.75,75.7928,152.0256,19717.102308,185415.351112
8401.0,75.78595,152.0119,19716.37872,185004.589393
8401.25,75.7791,151.99825,19628.946162,184802.538434
8401.5,75.7723,151.98455,19600.527132,184409.438232
8401.75,75.76545,151.9709,19482.915932,184387.526702
8402.0,75.7586,151.95725,19428.550287,184151.421547
8402.25,75.7518,151.9436,19482.026577,184068.307185
8402.5,75.74495,151.92995,19300.912266,184017.776265
8402.75,75.73815,151.9163,19225.489715,183886.552338
8403.0,75.73135,151.9027,19252.217995,183819.718535
8403.25,75.72455,151.88905,19119.967384,183793.783274
8403.5,75.7177,151.87545,19090.056427,183692.30127
8403.75,75.7109,151.86185,18998.928917,183613.719918
8404.0,75.7041,151.84825,18864.859724,183301.76192
8404.25,75.6973,151.83465,18849.575903,183175.325063
8404.5,75.69055,151.82105,18826.298385,183191.714905
8404.75,75.68375,151.8075,18805.749413,183198.438843
8405.0,75.67695,151.7939,18690.993072,182996.797817
8405.25,75.6702,151.78035,18566.530824,183093.696607
8405.5,75.6634,151.7668,18436.56737,182774.075381
8405.75,75.6566,151.75325,18448.664555,182322.779933
8406.0,75.64985,151.7397,18458.885039,182666.168175
8406.25,75.6431,151.72615,18318.932678,182299.179735
8406.5,75.6363,151.71265,18200.348982,182239.277536
8406.75,75.62955,151.6991,18075.965828,182087.305906
8407.0,75.6228,151.6856,18018.425677,181921.71268
8407.25,75.61605,151.6721,17965.470753,181879.43259
8407.5,75.6093,151.6586,17981.601825,181611.907282
8407.75,75.60255,151.6451,17813.805278,181585.099519
8408.0,75.5958,151.63165,17759.61264,181402.523469
8408.25,75.5891,151.61815,17741.654134,181430.432823
8408.5,75.58235,151.6047,17656.509937,181006.229677
8408.75,75.5756,151.5912,17649.698653,181118.037068
8409.0,75.5689,151.57775,17511.558985,181122.884601
8409.25,75.56215,151.5643,17432.151846,180515.197725
8409.5,75.55545,151.55085,17327.491236,180216.277804
8409.75,75.5487,151.53745,17264.326162,180240.553462
8410.0,75.542,151.524,17271.637912,180228.404095
8410.25,75.5353,151.5106,17137.549594,180094.478484
8410.5,75.5286,151.4972,17007.589679,179857.916926
8410.75,75.5219,151.48375,16955.86032,179790.411102
8411.0,75.5152,151.47035,16950.320591,179733.327048
8411.25,75.5085,151.45695,16866.924043,179721.771248
8411.5,75.5018,151.4436,16789.903854,179490.585174
8411.75,75.4951,151.4302,16696.825327,179399.288391
8412.0,75.4884,151.41685,16650.763228,179296.957388
8412.25,75.48175,151.40345,16549.622908,178935.869089
8412.5,75.47505,151.3901,16499.761781,179181.859429
8412.75,75.4684,151.37675,16322.333842,179113.615928
8413.0,75.4617,151.3634,16330.972626,179209.988072
8413.25,75.45505,151.3501,16239.046141,178909.818238
8413.5,75.44835,151.33675,16182.292873,178924.799415
8413.75,75.4417,151.3234,16118.779557,179243.809134
8414.0,75.43505,151.3101,16067.943286,178717.838575
8414.25,75.4284,151.2968,15955.332291,178621.863156
8414.5,75.42175,151.2835,15927.722007,178818.732037
8414.75,75.4151,151.2702,15773.515246,178875.091647
8415.0,75.40845,151.2569,15752.328767,178592.067848
8415.25,75.4018,151.2436,15684.443218,178434.914595
8415.5,75.39515,151.23035,15671.892751,178566.771499
8415.75,75.38855,151.2171,15558.639501,178339.803353
8416.0,75.3819,151.2038,15463.347169,178360.551829
8416.25,75.3753,151.19055,15444.184149,178361.178303
8416.5,75.36865,151.1773,15398.495318,178453.090108
8416.75,75.36205,151.16405,15312.027638,178464.232664
8417.0,75.3554,151.15085,15278.904932,178344.250991
8417.25,75.3488,151.1376,15172.572476,178157.356296
8417.5,75.3422,151.1244,15100.35942,178114.154878
8417.75,75.3356,151.11115,15046.085363,178194.935553
8418.0,75.329,151.09795,15052.990479,177899.125781
8418.25,75.3224,151.08475,14937.906217,177802.037537
8418.5,75.3158,151.07155,14948.388916,178081.696697
8418.75,75.3092,151.05835,14900.573588,177820.506627
8419.0,75.3026,151.0452,14927.667059,177891.28591
8419.25,75.296,151.032,14908.55717,177831.687385
8419.5,75.2894,151.01885,14831.052643,177484.051693
8419.75,75.28285,151.0057,14790.533209,177797.604877
8420.0,75.27625,150.9925,14806.448031,177640.681849
8420.25,75.2697,150.97935,14752.735552,177349.037423
8420.5,75.2631,150.96625,14741.537953,177677.255684
8420.75,75.25655,150.9531,14720.193843,177377.205918
8421.0,75.25,150.93995,14779.328329,177447.040997
8421.25,75.2434,150.92685,14817.56738,177274.83628
8421.5,75.23685,82.6537,14785.75868,177093.199085
8421.75,75.2303,82.6537,14785.264819,177364.118676
8422.0,75.22375,150.8875,14823.369001,177380.775794
8422.25,75.2172,150.8744,14749.240735,177708.035827
8422.5,75.21065,82.6537,14857.63876,177320.804132
8422.75,75.2041,150.84825,14852.103648,177307.627214
8423.0,75.1976,150.83515,14939.374223,177075.500427
8424.114479,75.1685,150.77695,14984.064243,176710.191296
8425.235815,75.13925,150.7185,15244.784696,176732.298524
8426.36401,75.1099,150.65985,15555.734027,176530.314603
8427.499063,75.08045,150.60095,15831.267926,176615.404197
8428.640973,75.0509,150.5418,16178.614396,176273.749581
8429.789742,75.02125,150.48245,16470.659236,175848.288215
8430.945368,74.99145,150.4229,16889.272438,175800.434391
8432.107853,74.96155,150.3631,17223.375042,175730.060376
8433.277195,74.93155,150.3031,17474.615733,175631.332607
8434.453395,74.90145,150.2429,17819.572953,175499.562122
8435.636454,74.87125,150.1825,18108.00668,175345.836626
8436.82637,74.8409,150.12185,18301.401114,175165.136653
8438.023144,74.8105,150.061,18619.367966,174697.32994
8439.226776,74.77995,149.9999,19019.644911,174923.924029
8440.437266,74.7493,149.93865,19365.951337,174952.048998
8441.654614,74.7186,149.87715,19761.078334,174555.343443
8442.878821,74.68775,149.8155,20204.858776,174451.638199
8444.109884,74.6568,149.7536,20467.922483,174464.347438
8445.347806,74.62575,149.6915,20851.371705,174396.539709
8446.592586,74.5946,149.6292,21005.16537,174400.988753
8447.844224,74.56335,149.56675,21169.642589,174460.29016
8449.10272,74.532,149.50405,21096.438074,174293.003194
8450.368074,74.5006,149.44115,20923.95463,174079.615734
8451.640285,74.46905,149.3781,20710.733419,173933.646328
8452.919355,74.4374,149.3148,20422.474067,173458.783859
8454.205282,74.40565,149.25135,20116.670085,173455.366553
8455.498068,74.37385,149.1877,19799.325539,173381.565381
8456.797712,74.3419,149.12385,19407.980255,172834.363299
8458.104213,74.3099,149.0598,19098.239998,172812.070038
8459.417572,74.2778,148.9956,18712.501631,172386.227891
8460.73779,74.2456,148.9312,18533.157428,172522.748549
8462.064865,74.2133,148.8666,18356.883417,172016.604659
8463.398798,74.1809,148.80185,18240.356459,172369.747452
8464.73959,74.14845,148.7369,18281.622887,172094.802972
8466.087239,74.1159,148.67175,18268.100533,171831.650226
8467.441746,74.08325,148.60645,18295.867483,171751.299834
8468.803111,74.0505,148.541,18293.053458,171805.860344
8470.171334,74.01765,148.47535,18240.107384,171560.053321
8471.546415,73.98475,148.4095,18063.445409,171601.819605
8472.928354,73.95175,148.3435,17682.265544,171440.457149
8474.317151,73.91865,148.2773,17375.146833,171300.145921
8475.712806,73.8855,148.211,16858.978716,171195.882639
8477.115318,73.85225,148.14445,16356.519828,171092.796598
8478.524689,73.8189,148.0778,15852.658433,171172.644017
8479.940918,73.78545,148.01095,15472.068706,171123.639087
8481.364005,73.75195,147.94395,15119.674178,171136.315237
8482.793949,73.7184,147.87675,14809.955407,171125.738702
8484.230752,73.6847,147.8094,14662.689237,170891.612634
8485.674412,73.65095,147.74195,14522.44846,170221.83265
8487.124931,73.61715,147.67425,14413.415371,170427.16503
8488.582307,73.58325,147.60645,14509.649322,170667.913585
8490.046541,73.54925,147.5385,14629.618652,170864.878453
8491.517634,73.5152,147.47035,14791.763646,170517.7226
8492.995584,73.48105,147.4021,15058.574583,170684.483015
8494.480392,73.44685,147.33365,15363.138998,170810.567327
8495.972059,73.41255,147.26505,15802.936431,170536.251655
8497.470583,73.37815,147.19635,16272.07525,170377.340047
8498.975965,73.34375,147.12745,16871.556266,170002.246194
8500.488205,73.3092,147.0584,17509.295941,169709.571466
8502.007303,73.2746,146.98925,18251.02883,169494.680683
8503.533259,73.23995,146.9199,18996.556523,169079.109233
8505.066073,73.2052,146.85045,19794.51977,168990.827512
8506.605745,73.1704,146.7808,20410.00368,168672.57184
8508.152274,73.13555,146.71105,21022.994848,168180.839015
8509.705662,73.1006,146.64115,21375.337562,167659.524527
8511.265908,73.06555,146.57115,21580.762383,166700.3592
8512.833012,73.0305,146.50095,21491.127429,165825.8175
8514.406973,72.9953,146.43065,21255.979154,165013.467716
8515.987793,72.9601,146.3602,20853.516832,164385.980501
8517.57547,72.9248,146.2896,20316.668116,164244.525832
8519.170006,72.88945,146.2189,19852.492252,163762.565611
8520.771399,72.854,146.14805,19339.904015,163493.633062
8522.379651,72.8185,146.07705,18861.737684,163379.338149
8523.99476,72.78295,146.0059,18455.584269,163162.846747
8525.616727,72.74735,145.9347,18085.710549,162733.461529
8527.245553,72.71165,145.8633,17783.416203,162516.61946
8528.881236,72.6759,145.7918,17510.941403,162132.575654
8530.523777,72.6401,145.72015,17409.502318,161945.765408
8532.173176,72.6042,145.6484,17361.139734,161805.796955
8533.829433,72.56825,145.57655,17274.864762,161468.140204
8535.492548,72.53225,145.5045,17273.127662,161387.983376
8537.162521,72.4962,145.4324,17422.056674,161088.448627
8538.839352,72.4601,145.36015,17470.037172,160597.7517
8540.523041,72.4239,145.2878,17500.789887,160431.488219
8542.213588,72.38765,145.2153,17602.732724,160254.621453
8543.910993,72.35135,145.1427,17726.743763,159862.194509
8545.615255,72.315,145.06995,17823.565646,159629.153102
8547.326376,72.27855,144.9971,17972.420645,159301.312055
8549.044355,72.2421,144.92415,17949.268122,159216.763463
8550.769191,72.20555,144.8511,17902.183155,158560.867416
8552.500886,72.16895,144.7779,17795.201403,158602.975406
8554.239438,72.1323,144.7046,17539.341585,158454.681987
8555.984849,72.0956,144.6312,17172.782011,157982.809032
8557.737117,72.05885,144.5577,16771.389919,157676.515169
8559.496244,72.02205,144.48405,16463.49912,157464.186795
8561.262228,71.98515,144.41035,16167.250761,157004.908847
8563.03507,71.94825,144.3365,15945.326204,156957.657831
8564.814771,71.9113,144.26255,15699.414399,156625.316158
8566.601329,71.87425,144.1885,15551.571442,156237.414877
8568.394745,71.83715,144.11435,15502.020421,156171.111588
8570.195019,71.80005,144.0401,15474.457211,155683.662247
8572.002151,71.76285,143.9657,15451.335314,155546.325909
8573.816141,71.7256,143.89125,15619.089772,155277.27367
8575.636989,71.68835,143.8167,15793.606566,154844.569065
8577.464695,71.651,143.742,16137.907265,154512.875949
8579.299259,71.6136,143.66725,16395.228727,154345.188957
8581.140681,71.5762,143.5924,16730.054033,154127.950432
8582.98896,71.5387,143.5174,17147.290679,153816.620504
8584.844098,71.5012,143.44235,17547.729583,153473.83068
8586.706094,71.4636,143.3672,17905.750707,153162.622912
8588.574947,71.426,143.29195,18193.408084,153130.531007
8590.450659,71.3883,82.6537,18424.604478,152622.194882
8592.333228,71.3506,143.14115,18591.394159,152395.532252
8594.222656,71.3128,143.06565,18658.921053,151895.644041
8596.118941,71.275,142.99005,18568.686476,150946.361254
8598.022085,71.23715,142.9143,18482.658653,150173.60573
8599.932086,71.19925,142.8385,18548.116438,150286.238963
8601.848945,71.1613,142.76265,18586.853738,150915.511534
8603.772663,71.12335,142.68665,18592.583378,151085.8135
8605.703238,71.0853,142.6106,18586.497845,150955.123954
8607.640671,71.0472,142.53445,18578.677604,150728.839159
8609.584962,71.0091,142.4582,18461.96351,150201.806681
8611.536111,70.97095,142.3819,18485.286527,149944.306615
8613.494118,70.93275,142.3055,18412.002106,149485.588865
8615.458983,70.8945,142.229,18368.607672,149303.826227
8617.430706,70.8562,142.15245,18368.240685,149277.268868
8619.409287,70.8179,142.0758,18216.688323,149045.352747
8621.394726,70.7795,141.99905,18182.808947,149256.228529
8623.387023,70.7411,141.92225,18020.130426,148868.850547
8625.386177,70.70265,141.84535,17816.897677,148570.651273
8627.39219,70.6642,141.7684,17730.184915,148571.762616
8629.405061,70.62565,141.69135,17630.317193,148110.051537
8631.424789,70.5871,141.6142,17502.707589,147446.39745
8633.451376,70.5485,141.537,17358.913566,147013.090375
8635.48482,70.50985,141.45975,17259.308749,146390.436565
8637.525123,70.4712,141.3824,17135.541524,146102.921315
8639.572283,70.4325,141.30495,17073.751842,145733.74918
8641.626302,70.39375,141.22745,16974.325627,145449.312558
8643.687178,70.35495,141.1499,16903.897912,145335.935733
8645.754912,70.31615,141.07225,16793.703305,144996.543308
8647.829505,70.27725,140.99455,16736.665031,144653.553085
8649.910955,70.2384,140.91675,16570.147144,144344.028624
8651.999263,70.19945,140.8389,16481.530757,143897.265307
8654.094429,70.1605,140.761,16437.975262,143915.284496
8656.196453,70.1215,140.683,16348.579007,143458.628719
8658.305335,70.0825,140.60495,16331.803735,143119.934629
8660.421075,70.0434,140.52685,16421.327997,142859.660908
8662.543673,70.0043,140.44865,16506.02164,142582.142735
8664.673129,69.9652,140.3704,16633.292131,142436.903513
8666.809442,69.92605,140.29205,16779.487133,141975.66979
8668.952614,69.88685,140.2137,16924.402869,141815.771023
8671.102644,69.8476,140.13525,17109.662336,141442.045926
8673.259532,69.80835,140.05675,17214.133292,141249.854229
8675.423277,69.7691,139.97815,17377.228992,140854.680387
8677.593881,69.72975,139.89955,17419.913787,140763.04401
8679.771342,69.6904,139.82085,17393.705751,140579.683916
8681.955662,69.65105,139.7421,17354.670216,140093.707543
8684.146839,69.61165,139.66325,17411.442849,139876.747781
8686.344875,69.5722,139.5844,17354.528276,139622.920229
8688.549768,69.53275,139.50545,17358.349038,139118.58471
8690.761519,69.49325,139.4265,17357.392009,138913.512899
8692.980129,69.4537,139.34745,17477.769801,138635.24216
8695.205596,69.41415,139.26835,17545.966776,138379.381748
8697.437921,69.3746,139.1892,17663.483782,137937.003775
8699.677104,69.335,139.10995,17752.770322,137323.437676
8701.923145,69.29535,139.0307,17840.081108,137201.852339
8704.176044,69.2557,138.9514,17856.077015,136928.030702
8706.435801,69.216,138.872,17870.544608,136582.823418
8708.702416,69.1763,138.7926,17895.483742,136582.44454
8710.975889,69.13655,138.7131,17865.384831,136510.51214
8713.25622,69.0968,138.63355,17886.963208,136371.109116
8715.543409,69.057,138.554,17798.357892,136091.647801
8717.837455,69.0172,138.47435,17797.337854,136008.514265
8720.13836,68.97735,138.3947,17723.456093,135827.064011
8722.446123,68.9375,138.31495,17751.232025,135837.352062
8724.760743,68.8976,138.23515,17662.014858,135559.026981
8727.082222,68.8577,138.15535,17673.627364,135504.507057
8729.410558,68.81775,138.0755,17632.993187,135503.825277
8731.745753,68.7778,137.99555,17600.224842,135183.273646
8734.087805,68.7378,137.9156,17499.212623,135074.222942
8736.436716,68.6978,137.8356,17476.584214,135021.738979
8738.792484,68.65775,137.7555,17418.42578,135044.198582
8741.15511,68.6177,137.6754,17391.731766,134919.77403
8743.524594,68.57765,137.59525,17342.014485,134823.489356
8745.900937,68.53755,137.5151,17312.612935,134623.716348
8748.284137,68.4974,137.43485,17221.915121,134301.543975
8750.674195,68.4573,137.35455,17141.970192,134006.130584
8753.071111,68.41715,137.27425,17112.230021,133895.697577
8755.474885,68.37695,137.1939,17074.613856,133466.785393
8757.885517,68.33675,137.1135,17063.669451,133099.118578
8760.303007,68.29655,137.03305,16987.900859,132871.403099
8762.727354,68.2563,136.95255,16995.948204,132461.553015
8765.15856,68.21605,136.87205,17007.94159,132065.812435
8767.596624,68.17575,136.7915,17036.972168,131789.748908
8770.041546,68.13545,136.7109,17088.545764,131592.924714
8772.493325,68.09515,136.63025,17142.551671,131223.985599
8774.951963,68.0548,136.5496,17247.895995,130875.127852
8777.417459,68.01445,136.4689,17305.480354,130621.067234
8779.889812,67.97405,136.38815,17408.96724,130426.302343
8782.369024,67.9337,136.30735,17394.903761,129989.744042
8784.855093,67.89325,136.22655,17402.384236,129544.10782
8787.34802,67.85285,136.1457,17385.918104,129077.961228
8789.847806,67.8124,136.0648,17382.895494,128746.710725
8792.354449,67.77195,135.98385,17345.500716,128457.704015
8794.86795,67.73145,135.9029,17301.014665,128206.009203
8797.38831,67.69095,135.82195,17353.534508,127891.004202
8799.915527,67.65045,135.7409,17306.929135,127681.641376
8802.449602,67.60995,135.65985,17316.497119,127438.740805
8804.990535,67.5694,135.5788,17292.671049,127340.550518
8807.538326,67.52885,135.49765,17398.540232,127051.203371
8810.092975,67.48825,135.4165,17432.130908,126995.005436
8812.654482,67.44765,135.33535,17430.001003,126866.43654
8815.222847,67.40705,135.25415,17522.770416,126770.711978
8817.798069,67.36645,135.1729,17564.732162,126525.175958
8820.38015,67.3258,135.09165,17546.674043,126320.497929
8822.969089,67.2852,135.01035,17659.618089,126273.545842
8825.564886,67.2445,134.92905,17668.195448,126359.782788
8828.16754,67.20385,134.8477,17724.510797,126346.213965
8830.777053,67.16315,134.7663,17831.452685,126497.688941
8833.393423,67.12245,134.6849,17933.220509,126734.137735
8836.016652,67.08175,134.6035,17956.293756,126869.186044
8838.646738,67.041,134.52205,18026.485985,127137.464312
8841.283683,67.0003,134.44055,18103.298474,127323.278493
8843.927485,66.9595,134.35905,18201.221499,127750.429821
8846.578146,66.91875,134.2775,18250.499314,127976.911293
8849.235664,66.878,134.19595,18310.197571,128658.612493
8851.90004,66.8372,134.1144,18417.660418,129288.946116
8854.571274,66.7964,134.0328,18540.549356,130208.012781
8857.249366,66.7556,133.95115,18654.109898,131482.935537
8859.934316,66.71475,133.8695,18968.3337,133163.658934
8862.626124,66.67395,133.78785,19324.783243,136229.096926
8865.32479,66.6331,133.70615,20189.059328,141376.603332
8868.030314,66.59225,133.62445,21653.59671,151287.835462
8870.742696,66.55135,133.54275,24468.200754,169734.889442
8873.461936,66.5105,133.461,30693.910293,209009.50643
8876.188034,66.4696,133.3792,40575.611217,270383.479121
8878.92099,66.4287,133.2974,49475.989971,323507.629027
8881.660803,66.3878,133.2156,55483.417161,358625.75021
8884.407475,66.3469,133.13375,58470.585294,377033.966479
8887.161005,66.30595,133.05195,58457.92122,378744.706068
8889.921392,66.26505,132.97005,56915.467584,370500.282644
8892.688638,66.2241,132.8882,52058.411573,343266.427809
8895.462741,66.18315,132.8063,42001.928806,283466.208004
8898.243703,66.1422,132.72435,31847.771989,217808.454459
8901.031522,66.1012,132.6424,24791.842858,170270.933547
8903.826199,66.06025,132.56045,20960.381824,143485.174977
8906.627735,66.01925,132.4785,19099.122214,130714.625067
8909.436128,65.97825,132.3965,18261.043626,124275.882623
8912.251379,65.93725,132.3145,17778.717853,121132.162734
8915.073488,65.89625,132.2325,17563.032949,119306.247778
8917.902455,65.85525,132.1505,17402.800718,117997.602319
8920.73828,65.8142,132.06845,17305.369913,117099.401602
8923.580963,65.7732,131.9864,17208.809699,116254.847675
8926.430504,65.73215,131.9043,17144.416643,115713.721531
8929.286903,65.6911,131.82225,17065.001759,114953.055027
8932.15016,65.65005,131.74015,17004.026467,114241.962375
8935.020275,65.609,131.65805,16996.676229,113683.409448
8937.897248,65.56795,131.5759,16935.671272,113416.298678
8940.781079,65.5269,131.4938,16971.032965,113006.292242
8943.671767,65.4858,131.41165,16995.905106,113112.437941
8946.569314,65.44475,131.3295,17140.095733,113646.993702
8949.473718,65.40365,131.2473,17295.373949,114374.522525
8952.384981,65.36255,131.16515,17439.77832,114971.133329
8955.303101,65.3215,131.08295,17458.587844,115285.671653
8958.22808,65.2804,131.00075,17516.149673,115078.959191
8961.159916,65.2393,130.91855,17550.303114,114824.151666
8964.098611,65.1982,130.83635,17444.824902,114226.368529
8967.044163,65.15705,130.75415,17314.167571,113244.427301
8969.996573,65.11595,130.6719,17128.92097,111823.411234
8972.955841,65.07485,130.58965,17001.277308,110752.935028
8975.921968,65.0337,130.5074,16849.968739,109909.060824
8978.894952,64.9926,130.42515,16761.475742,109079.994643
8981.874794,64.95145,130.3429,16705.702203,108537.568448
8984.861494,64.9103,130.26065,16609.888733,107997.263503
8987.855052,64.8692,130.17835,16581.42975,107490.08153
8990.855468,64.82805,130.0961,16517.135094,107124.769377
8993.862742,64.7869,130.0138,16495.597613,106758.518907
8996.876874,64.74575,129.9315,16449.064923,106517.288478
8999.897863,64.7046,129.8492,16397.27819,106180.93613
9002.925711,64.66345,129.7669,16386.169219,105859.391276
9005.960417,64.6223,129.6846,16362.240667,105605.474785
9009.00198,64.58115,129.6023,16361.261489,105305.140639
9012.050402,64.54,129.52,16319.084222,105104.784322
9015.105682,64.49885,129.43765,16336.570329,104871.387424
9018.167819,64.45765,129.35535,16361.998212,104647.296689
9021.236815,64.4165,129.273,16348.752129,104501.134565
9024.312668,64.37535,129.1907,16347.499655,104356.679218
9027.395379,64.3342,129.10835,16364.669476,104121.158363
9030.484949,64.293,129.026,16353.035381,103895.096368
9033.581376,64.25185,128.9437,16315.821282,103691.752685
9036.684661,64.2107,128.86135,16351.529463,103573.932235
9039.794804,64.1695,128.779,16348.926018,103260.246768
9042.911806,64.12835,128.69665,16374.335633,102950.66378
9046.035665,64.08715,128.61435,16328.772642,102695.095621
9049.166382,64.046,128.532,16324.047286,102348.531289
9052.303957,64.00485,128.44965,16309.599085,102002.172664
9055.44839,63.96365,128.3673,16304.332013,101803.070961
9058.599681,63.9225,128.28495,16301.427698,101609.773011
9061.75783,63.8813,128.20265,16310.555269,101491.741185
9064.922836,63.84015,128.1203,16312.73064,101285.319984
9068.094701,63.799,128.03795,16336.813475,101146.426476
9071.273424,63.7578,127.9556,16345.671056,100905.3456
9074.459005,63.71665,127.87325,16342.645973,100701.360694
9077.651443,63.67545,127.79095,16323.816658,100516.459768
